Range,Mean CPU Time (microseconds)
4,2.885679901678014
5,11.37796755356613
6,45.21406534539704
7,180.2833785861539
8,719.9209602361036
9,2876.6850668678508
10,11506.193252460465
